20000,music
4d3d,tim&eric
adoptkevin,partyboys
afterdinner,arnold,kevpick
askmaury,music
awwhell,seagal
baythang,music
beatmonkey,music
bevcheck,meme,kevpick
birdup,andre,meme
blamethem,kevpick,beachfight
blastin,kevpick,sunny
bolognasoft,kevpick,tim&eric
booyah,kevpick,beachfight
byebye,meme
chrisup,andre
clicknice,meme
crunch,bayou
cummin,jones
dadlike,tim&eric,kevpick 
depends,trailer
ding,meme
dodahdoodoo,tim&eric
dreambitch,music,kevpick
duck,tim&eric
foryourhealth,tim&eric
foryourtech,tim&eric
freaknikback,music
ghostride,music
gimmeshoes,bayou,kevpick
gohard,andre,kevpick
gonnawork,meme
goodintentions,partyboys,kevpick
hankbust,meme
heard,meme    
hellogov,tim&eric
heyjoshy,tim&eric
history,arnold
holyguac,tim&eric
icetea,tim&eric
idk,meme
imback,music
imballsy,arnold,kevpick
imout,meme
ismoke,arnold
itshot,tim&eric
joy,meme
justdreams,tim&eric
keeponit,tim&eric
knowdaddy,music
literature,rogan,kevpick
livealone,tim&eric
lobsters,jones
logs,tim&eric,kevpick
lordbust,meme
mad,meme
mate,meme
meetdad,tim&eric
molest,rogan
neversaid,tim&eric
neversaidlong,tim&eric
no,meme
nonathat,meme
nudetayne,tim&eric,kevpick
oldtimes,meme
pinyonga,tim&eric
poison,tim&eric
profanity,meme
prom,tim&eric
question,chapelle
readykids,tim&eric
renob,partyboys
retarded,jones
rockbody,meme,kevpick,aquateen
sexykids,tim&eric
shakeyobuns,tim&eric
shrimphigh,tim&eric,kevpick
six,seagal
slapfriend,tim&eric
solong,meme,kevpick
sorrycharlie,meme
soundsexpensive,tim&eric
spaghett,tim&eric,kevpick
stupidkids,tim&eric,kevpick
tango,meme
tayne,tim&eric
thatsaman,andre
thinkdad,tim&eric
urnuts,bayou,kevpick
waitjay,bayou,kevpick
waka,andre
wassup,meme,kevpick
wawoo,borat
weewoo,meme
whatshap,meme
whoyou,tim&eric
yadoofus,tim&eric
yaturkey,tim&eric
yeet,meme
yes,tim&eric
yourmilk,tim&eric
yuhmuh,music